<?xml version="1.0" encoding="UTF-8" ?>
<XMLDB PATH="mod/exagames/db" VERSION="20120403" COMMENT="XMLDB file for Moodle mod/exagames"
    xmlns:xsi="http://www.w3.org/2001/XMLSchema-instance"
    xsi:noNamespaceSchemaLocation="../../../lib/xmldb/xmldb.xsd"
>
  <TABLES>
    <TABLE NAME="exagames" COMMENT="default comment for newmodule, please edit me" NEXT="exagames_question">
      <FIELDS>
        <FIELD NAME="id" TYPE="int" LENGTH="10" NOTNULL="true" UNSIGNED="true" SEQUENCE="true" NEXT="course"/>
        <FIELD NAME="course" TYPE="int" LENGTH="10" NOTNULL="true" UNSIGNED="true" DEFAULT="0" SEQUENCE="false" COMMENT="Course newmodule activity belongs to" PREVIOUS="id" NEXT="name"/>
        <FIELD NAME="name" TYPE="char" LENGTH="255" NOTNULL="true" SEQUENCE="false" COMMENT="name field for moodle instances" PREVIOUS="course" NEXT="intro"/>
        <FIELD NAME="intro" TYPE="text" LENGTH="medium" NOTNULL="false" SEQUENCE="false" COMMENT="General introduction of the newmodule activity" PREVIOUS="name" NEXT="introformat"/>
        <FIELD NAME="introformat" TYPE="int" LENGTH="4" NOTNULL="true" UNSIGNED="true" DEFAULT="0" SEQUENCE="false" COMMENT="Format of the intro field (MOODLE, HTML, MARKDOWN...)" PREVIOUS="intro" NEXT="timecreated"/>
        <FIELD NAME="timecreated" TYPE="int" LENGTH="10" NOTNULL="true" UNSIGNED="true" DEFAULT="0" SEQUENCE="false" PREVIOUS="introformat" NEXT="timemodified"/>
        <FIELD NAME="timemodified" TYPE="int" LENGTH="10" NOTNULL="true" UNSIGNED="true" DEFAULT="0" SEQUENCE="false" PREVIOUS="timecreated" NEXT="quizid"/>
        <FIELD NAME="quizid" TYPE="int" LENGTH="10" NOTNULL="false" UNSIGNED="true" SEQUENCE="false" PREVIOUS="timemodified" NEXT="gametype"/>
        <FIELD NAME="gametype" TYPE="char" LENGTH="12" NOTNULL="false" SEQUENCE="false" PREVIOUS="quizid" NEXT="url"/>
        <FIELD NAME="url" TYPE="text" LENGTH="big" NOTNULL="false" SEQUENCE="false" COMMENT="url für gamelabs.at flash game" PREVIOUS="gametype"/>
      </FIELDS>
      <KEYS>
        <KEY NAME="primary" TYPE="primary" FIELDS="id"/>
      </KEYS>
      <INDEXES>
        <INDEX NAME="course" UNIQUE="false" FIELDS="course"/>
      </INDEXES>
    </TABLE>
    <TABLE NAME="exagames_question" COMMENT="exagames_question table retrofitted from MySQL" PREVIOUS="exagames" NEXT="exagames_scores">
      <FIELDS>
        <FIELD NAME="id" TYPE="int" LENGTH="11" NOTNULL="true" UNSIGNED="true" SEQUENCE="true" NEXT="tile_size"/>
        <FIELD NAME="tile_size" TYPE="text" LENGTH="small" NOTNULL="true" SEQUENCE="false" PREVIOUS="id" NEXT="difficulty"/>
        <FIELD NAME="difficulty" TYPE="text" LENGTH="small" NOTNULL="true" SEQUENCE="false" PREVIOUS="tile_size" NEXT="content_url"/>
        <FIELD NAME="content_url" TYPE="text" LENGTH="small" NOTNULL="true" SEQUENCE="false" PREVIOUS="difficulty" NEXT="display_order"/>
        <FIELD NAME="display_order" TYPE="text" LENGTH="small" NOTNULL="true" SEQUENCE="false" PREVIOUS="content_url"/>
      </FIELDS>
      <KEYS>
        <KEY NAME="primary" TYPE="primary" FIELDS="id"/>
      </KEYS>
    </TABLE>
    <TABLE NAME="exagames_scores" COMMENT="exagames_scores table retrofitted from MySQL" PREVIOUS="exagames_question">
      <FIELDS>
        <FIELD NAME="id" TYPE="int" LENGTH="11" NOTNULL="true" UNSIGNED="true" SEQUENCE="true" NEXT="userid"/>
        <FIELD NAME="userid" TYPE="int" LENGTH="20" NOTNULL="true" UNSIGNED="true" SEQUENCE="false" PREVIOUS="id" NEXT="gameid"/>
        <FIELD NAME="gameid" TYPE="int" LENGTH="11" NOTNULL="true" UNSIGNED="false" SEQUENCE="false" PREVIOUS="userid" NEXT="gametype"/>
        <FIELD NAME="gametype" TYPE="char" LENGTH="12" NOTNULL="true" SEQUENCE="false" PREVIOUS="gameid" NEXT="score"/>
        <FIELD NAME="score" TYPE="int" LENGTH="11" NOTNULL="true" UNSIGNED="false" DEFAULT="0" SEQUENCE="false" PREVIOUS="gametype" NEXT="time"/>
        <FIELD NAME="time" TYPE="int" LENGTH="11" NOTNULL="true" UNSIGNED="false" SEQUENCE="false" PREVIOUS="score"/>
      </FIELDS>
      <KEYS>
        <KEY NAME="primary" TYPE="primary" FIELDS="id"/>
      </KEYS>
    </TABLE>
  </TABLES>
</XMLDB>